{
  "project_info": {
    "project_number": "729225531183",
    "firebase_url": "https://wpnews-c20f3.firebaseio.com",
    "project_id": "wpnews-c20f3",
    "storage_bucket": "wpnews-c20f3.appspot.com"
  },
  "client": [
    {
      "client_info": {
        "mobilesdk_app_id": "1:729225531183:android:32c20167e917ea11",
        "android_client_info": {
          "package_name": "com.itechnotion.wpnews"
        }
      },
      "oauth_client": [
        {
          "client_id": "729225531183-cbf83edjueo36qkcfs61ntsvkme87t05.apps.googleusercontent.com",
          "client_type": 1,
          "android_info": {
            "package_name": "com.itechnotion.wpnews",
            "certificate_hash": "7e09e5e361c6341f168b5ae97877c09bd4ac2fac"
          }
        },
        {
          "client_id": "729225531183-30ashjgp87k3p65udo26oh8l9ruc6frl.apps.googleusercontent.com",
          "client_type": 3
        },
        {
          "client_id": "729225531183-30ashjgp87k3p65udo26oh8l9ruc6frl.apps.googleusercontent.com",
          "client_type": 3
        }
      ],
      "api_key": [
        {
          "current_key": "AIzaSyA5LE3zm08gt22b5QH0nYngwla_cwyoSsY"
        }
      ],
      "services": {
        "analytics_service": {
          "status": 1
        },
        "appinvite_service": {
          "status": 2,
          "other_platform_oauth_client": [
            {
              "client_id": "729225531183-30ashjgp87k3p65udo26oh8l9ruc6frl.apps.googleusercontent.com",
              "client_type": 3
            }
          ]
        },
        "ads_service": {
          "status": 2
        }
      }
    }
  ],
  "configuration_version": "1"
}